0,Date,HOME,AWAY,HT_H_GOALS,HT_A_GOALS
0,04/10/25,JS Bordj Ménaiel,IB Khemis El Khechna,1,0
1,04/10/25,USM Annaba,O Magran,1,1
2,04/10/25,MO Constantine,JS Djijel,0,1
3,04/10/25,MSP Batna,AS Khroub,1,0
4,04/10/25,US Souf,IRB Ouargla,1,0
5,04/10/25,ES Mostaganem U21,Olympique Akbou U21,0,2
6,04/10/25,Enppi Club,Modern Sport FC,0,1
0,04/10/25,Enppi Club,Modern Sport FC,0,1
1,04/10/25,FS Jelgava,BFC Daugavpils,2,1
2,04/10/25,Esteghlal FC,Foolad KHouzestan FC,0,0
3,04/10/25,Maccabi Yavne Shimon U19,Ashdod Rafi Elbaz U19,1,0
0,04/10/25,Bahir Dar Kenema FC,Ethiopian Coffee SC,1,0
0,04/10/25,JS Kabylie U21,US Biskra U21,0,0
0,04/10/25,Al-Safa,Al-Faisaly Harmah,1,1
1,04/10/25,Al-Shabab Riyadh,Al-Kholood Club,2,0
2,04/10/25,SK Super Nova,Grobinas SC/LFS,1,0
3,04/10/25,NEC FC,Kitara FC,1,1
4,04/10/25,Sporting FC U21,CS Herediano U21,1,1
5,04/10/25,POFC Botev Vratsa,PFC Ludogorets 1945 Razgrad,0,0
6,04/10/25,Ullern IF U19,Lyn 1896 FK U19,0,0
7,04/10/25,JK Tallinna Kalev U21,Viimsi JK,0,3
8,04/10/25,FC Tallinn,Tartu JK Tammeka U21,2,1
0,04/10/25,Telecom Egypt SC,Wadi Degla SC,0,3
0,04/10/25,Legia Warszawa,Chelsea FC,0,0
0,04/10/25,Legia Warszawa,Chelsea FC,0,0
0,04/10/25,Al-Arabi Al-Saudi,Al Bukayriyah,0,1
1,04/10/25,CA Sarmiento Reserves,Barracas Central Reserves,0,0
2,04/10/25,Platense Reserves,Lanus Reserves,0,1
0,04/10/25,JS Saoura,CR Belouizdad,0,2
1,04/10/25,Al-Ittihad Jeddah,Al Orubah,1,0
2,04/10/25,ES Mostaganem,Olympique Akbou,0,1
3,04/10/25,CA Sarmiento Reserves,Barracas Central Reserves,0,0
4,04/10/25,Newell's Old Boys Reserves,Belgrano Reserves,0,1
5,04/10/25,Platense Reserves,Lanus Reserves,0,1
6,04/10/25,Independiente Rivadavia Reserves,Unión de Santa Fe Reserves,1,1
7,04/10/25,Banfield Reserves,Argentinos Juniors Reserves,0,1
0,04/10/25,Independiente Rivadavia Reserves,Unión de Santa Fe Reserves,1,1
0,04/10/25,Olympique Lyon,Manchester United,1,0
1,04/10/25,Real Betis Seville,Jagiellonia Bialystok,1,0
2,04/10/25,Rockmount FC,Ringmahon Rangers,0,1
0,04/10/25,Afturelding/Hviti/Alaf U19,Keflavík/Víðir U19,2,1
1,04/10/25,IH Hafnarfjordur,UMF Selfoss,1,4
0,04/10/25,Mount Pleasant FA,Racing United FC,2,1
0,04/10/25,Mount Pleasant FA,Racing United FC,2,1
0,04/10/25,Mount Pleasant FA,Racing United FC,2,1
1,04/10/25,Club 2 de Mayo,Deportivo Recoleta,0,3
2,04/10/25,Alianza FC Panama Reserves,Potros del Este FC Reserves,0,1
3,04/10/25,La Equidad Women,Deportivo Pasto Women,1,0
0,04/10/25,CSD Macara,CD Cuenca,0,0
0,04/10/25,Monagas SC,Departivo Rayo Zuliano,1,1
1,04/10/25,Defensa y Justicia,EC Vitoria BA,0,0
2,04/10/25,Club Atlético Talleres Reserves,Rosario Central Reserves,0,0
0,04/11/25,La Equidad,Santa Fe,1,1
0,04/11/25,Gamo Chencha,Durame Ketema,1,0
0,04/11/25,Auckland United,Auckland FC II,3,1
0,04/11/25,Western Springs Women,Eastern Suburbs AFC NRFL Women,0,0
0,04/11/25,Southport SC U23,Coomera Colts SC U23,0,4
1,04/11/25,PSIS Semarang,Persik Kediri,0,0
2,04/11/25,PSBS Biak Numfor,PSS Sleman,0,1
0,04/11/25,Flinders United Wfc Reserves,Adelaide City FC Reserve,0,1
0,04/11/25,MO Constantine U21,JS Djijel U21,0,1
0,04/11/25,Bankstown United FC,Central Coast United FC,0,0
0,04/11/25,Tanjong Pagar United,BG Tampines Rovers,0,1
1,04/11/25,Geylang International FC,Hougang United FC,2,1
0,04/11/25,PFK Mash AL Mubarek,FK Neftchi Fargona,1,2
1,04/11/25,Rosario Central,Boca Juniors,1,1
2,04/11/25,Queens Park Rangers U21,Charlton Athletic U21,0,0
0,04/11/25,FC Masar,Nasr Taadeen,0,0
0,04/11/25,Misr Elmaqasah,Luxor,0,0
0,04/11/25,CA Atlas Reserve,Club Lujan Reserve,0,1
0,04/11/25,Al-Akhdoud,Al-Taawoun Buraidah,1,0
1,04/11/25,Bst Galaxy,Hawks FC,2,0
2,04/11/25,NK Slaven Belupo,HNK Sibenik,0,0
0,04/11/25,Al-Akhdoud,Al-Taawoun Buraidah,1,0
0,04/11/25,VfL Wolfsburg,RB Leipzig,0,2
0,04/11/25,Udinese Calcio,AC Milan,0,2
1,04/11/25,Valencia CF,Sevilla FC,0,0
0,04/11/25,Orsomarso SC,Real Cartagena,1,2
0,04/11/25,Orsomarso SC,Real Cartagena,1,2
1,04/11/25,Los Chankas CYC,Sport Huancayo,0,0
0,04/11/25,Resistencia SC,12 de Junio de Villa Hayes,1,0
0,04/11/25,Club Libertad Asunción,Club Nacional Asuncion,0,0
0,04/11/25,San Francisco Reserves,SD Atlético Nacional,1,0
0,04/11/25,Club General Caballero JLM Women,Libertad Limpeno Women,0,2
1,04/11/25,Patriotas F.C.,FC Leones,2,1
2,04/11/25,San Martin FC,Chorrillo FC,2,2
3,04/11/25,Llaneros FC Villavicencio,Alianza FC Valledupar,0,0
4,04/11/25,Club Independiente Petrolero,CDT Real Oruro,0,0
0,04/12/25,Auckland City,Western Springs AFC,0,1
1,04/12/25,East Coast Bays,Fencibles United AFC,0,1
2,04/12/25,Upper Hutt City Football,Island Bay United,0,0
3,04/12/25,Venados FC,Tlaxcala FC,1,0
4,04/12/25,Club Atletico La Paz,CSD Dorados Sinaloa,0,0
5,04/12/25,Shibuya City FC,Tokyo International University,2,0
6,04/12/25,North Wellington AFC,Miramar Rangers,0,4
0,04/12/25,Wellington Olympic AFC,Waterside Karori,3,0
0,04/12/25,Yamato Sylphid Women,Vonds Ichihara FC Women,1,1
1,04/12/25,Seoul Jungnang FC,Pyeongchang United FC,0,1
0,04/12/25,Avondale FC,Altona Magic SC,2,0
1,04/12/25,Shimizu S-Pulse,Kawasaki Frontale,0,0
2,04/12/25,Gamba Osaka,Nagoya Grampus,0,0
3,04/12/25,Avispa Fukuoka,Yokohama F Marinos,1,1
4,04/12/25,West Coast Rangers,Birkenhead United,1,1
5,04/12/25,Sanfrecce Hiroshima,Fagiano Okayama,0,0
6,04/12/25,Gimpo FC,Chungnam Asan FC,0,0
7,04/12/25,Hwaseong FC,Jeonnam Dragons,0,1
8,04/12/25,Dangjin FC,FC Sejong,0,0
0,04/12/25,Kyoto Sanga FC,Shonan Bellmare,1,0
1,04/12/25,Jiangxi Dingnan United F.C.,Qingdao Red Lions,0,0
2,04/12/25,Southern District Football Club,Hong Kong Rangers,1,0
3,04/12/25,SD Raiders FC,Inter Lions FC U20,0,0
4,04/12/25,Bonnyrigg White Eagles U20,Newcastle Jets FC U20,0,2
5,04/12/25,Musgrave Mustangs,Palm Beach SC,1,3
6,04/12/25,Shanghai STV Women,Shaanxi Women,2,0
0,04/12/25,FC Pohang Steelers,FC Anyang,1,1
1,04/12/25,Wenzhou,Guizhou Zhucheng Athletic,2,0
2,04/12/25,Guangzhou Alpha,Wuhan Three Towns II,1,0
3,04/12/25,Quanzhou Yaxin,Guangdong Mingtu,0,0
0,04/12/25,Sululta Ketema,Siltie Worabe,1,0
0,04/12/25,Persis Solo,Malut United FC,0,3
0,04/12/25,SS Lazio U20,Empoli FC U20,1,0
1,04/12/25,FC Orenburg,CSKA Moscow,0,0
2,04/12/25,Pendikspor U19,Ankara Keciorengucu U19,0,2
0,04/12/25,RC Kouba U21,JS El Biar U21,0,0
1,04/12/25,GC Mascara U21,ESM Kolea U21,0,1
2,04/12/25,ES Ben Aknoun U21,MC Saïda U21,2,0
0,04/12/25,Dong A Thanh Hoa,Song Lam Nghe An,0,1
0,04/12/25,Brighton & Hove Albion,Leicester City,1,1
0,04/12/25,Arsenal FC,Brentford FC,0,0
1,04/12/25,Bayern Munich,Borussia Dortmund,0,0
2,04/12/25,RC Celta de Vigo,Espanyol Barcelona,0,1
0,04/12/25,Juventus Turin,US Lecce,2,0
1,04/12/25,Strasbourg Alsace,OGC Nice,0,1
0,04/12/25,Chimbarongo,CD Municipal Mejillones,0,0
1,04/12/25,Orlando City SC,New York Red Bulls,0,0
0,04/12/25,Chimbarongo,CD Municipal Mejillones,0,0
1,04/12/25,Alianza FC Women,Once Caldas Women,0,1
0,04/12/25,Alianza FC Women,Once Caldas Women,0,1
1,04/12/25,América de Cali Women,Independiente Medellín Women,0,0
2,04/12/25,Deportes Quindío,Real Cundinamarca,0,0
3,04/12/25,Vila Nova FC GO,Paysandu SC PA,1,0
4,04/12/25,Barquisimeto SC,Trujillanos FC,1,0
5,04/12/25,Costa Brava de General Pico,Club Ciudad de Bolivar,1,0
0,04/12/25,Houston Dash,Angel City FC,0,2
1,04/12/25,Color Esperanza,FC Leones Reserves,1,1
2,04/12/25,Unión Magdalena,Deportivo Pereira,0,0
3,04/12/25,San Antonio Unido,Deportes Rengo,1,0
0,04/12/25,San Antonio Unido,Deportes Rengo,1,0
1,04/12/25,Cerro Porteño,Club Sportivo Luqueño,0,0
2,04/12/25,Cobreloa,Magallanes,0,0
3,04/12/25,Club Bolívar,Club Jorge Wilstermann,2,0
0,04/12/25,Barranquilla FC,Bogotá F.C.,1,0
1,04/12/25,Gremio Novorizontino SP,Volta Redonda FC RJ,0,0
2,04/12/25,Amazonas FC AM,Ferroviaria Araraquara SP,0,0
0,04/13/25,Atlético Huila,Internacional de Palmira,1,0
1,04/13/25,Colchagua,Lautaro de Buin,1,1
2,04/13/25,Operario Ferroviario EC PR,Goias EC GO,0,0
3,04/13/25,Deportivo Pasto,Junior,3,1
0,04/13/25,Los Angeles FC,San Jose Earthquakes,0,0
0,04/13/25,FC Gifu,Tochigi SC,0,1
1,04/13/25,Machida Zelvia,Urawa Red Diamonds,0,2
2,04/13/25,Mynavi Sendai Ladies,Albirex Niigata,0,3
3,04/13/25,Pyeongtaek Citizen FC,Geoje FC,1,1
4,04/13/25,Gijang United,Namyangju FC,0,2
0,04/13/25,Shree Kumari Club,Nayabasti Youth Club,1,0
0,04/13/25,Fremantle City FC,Mandurah City FC,2,1
1,04/13/25,SD Raiders FC U23,Sutherland Strikers U23,0,0
2,04/13/25,Dalian K'un City FC,Suzhou Dongwu,0,0
3,04/13/25,Liaoning Women,Zhejiang Hangzhou Xizi Women,1,0
4,04/13/25,Taian Tiankuang,Shandong Taishan B,0,0
5,04/13/25,Wuxi Wugou,Lanzhou Longyuan Athletic,0,0
6,04/13/25,Wuhan Women,Yongchuan Chashan Women,0,0
7,04/13/25,Xi'an Chongde Ronghai,Changchun Xidu,0,0
0,04/13/25,MFK Zemplin Michalovce U19,FK Pohronie Ziar Nad Hronom Dolna Zdana U19,2,1
0,04/13/25,Getafe CF B,UD Melilla,1,0
0,04/13/25,AD Siete Villas,SD Gama,1,1
0,04/13/25,Espérance Sportive de Tunis,EGS Gafsa (n),0,0
0,04/13/25,Espérance Sportive de Tunis,EGS Gafsa (n),0,0
0,04/13/25,Panathinaikos Athens,PAOK Thessaloniki,2,0
0,04/13/25,CR Vasco da Gama RJ U20,Marica FC RJ U20,0,0
0,04/13/25,Lazio Rome,AS Roma,0,0
1,04/13/25,Athletic Bilbao,Rayo Vallecano,0,1
0,04/13/25,York United FC,HFX Wanderers FC,1,0
0,04/13/25,Cobaneras FC,Csd Xelaju MC,1,1
0,04/13/25,Vere United FC,Tivoli Gardens,1,1
1,04/13/25,Portmore United FC,Arnett Gardens,1,0
2,04/13/25,Harbour View,Cavalier,2,0
3,04/13/25,Edusoccer,PR Surf,0,2
0,04/13/25,Gremio FB Porto Alegrense RS,CR Flamengo RJ,0,1
1,04/13/25,Dunbeholden FC,Molynes United FC,0,1
0,04/13/25,Club Deportes Santa Cruz,Santiago Morning,0,1
1,04/13/25,Junior de Barranquilla Women,Internacional de Palmira Women,1,0
2,04/13/25,Botafogo FC SP,AC Goianiense GO,1,0
3,04/13/25,Zamora FC,Caracas FC,3,0
0,04/13/25,Fluminense FC RJ,Santos FC SP,0,0
0,04/13/25,Club Santos Laguna,Queretaro FC,1,0
1,04/13/25,América Women,Club Tijuana Women,1,1
2,04/13/25,Atlas Women,Mazatlán FC Women,2,1
3,04/13/25,Waterhouse,Humble Lion FC,0,0
4,04/13/25,FC Juarez Women,Atletico San Luis Women,1,0
5,04/13/25,Club 2 de Mayo Women,Cerro Porteño Women,1,2
6,04/13/25,Fortaleza EC CE,SC Internacional RS,0,0
7,04/13/25,Millonarios,Atlético Nacional,0,0
0,04/14/25,Rancho Santana FC,CD Walter Ferretti,1,0
0,04/14/25,Saint George SC,Ethiopia Nigd Bank,0,1
0,04/14/25,Kuching City U23,PDRM FC U23,3,1
0,04/14/25,Kelantan United FC U23,Pahang U23,1,0
0,04/14/25,City Club,Arambagh KS,0,0
1,04/14/25,Brtc Sports Club,Pwd SC,0,2
0,04/14/25,Bandirmaspor,Igdir FK,1,1
0,04/14/25,Kuala Lumpur FA U23,Perak II,1,1
1,04/14/25,Sabah FA U23,Negeri Sembilan U23,0,1
2,04/14/25,Thunderbolt North United,Sikkim Black Eagle SC (n),2,1
0,04/14/25,Queen's Park Reserves,Livingston Reserves,0,0
0,04/14/25,Platense Women,Club Atletico Banfield Women,0,2
1,04/14/25,Raya Sporting FC,Baladeyet Al-Mahalla,0,1
0,04/14/25,Aswan SC,Suez Montakhab,0,0
1,04/14/25,La Viena FC,Alexandria Sporting Club,0,0
0,04/14/25,FK Zemun,FK Trayal Krusevac,1,1
1,04/14/25,Lula FC,CD Ciclos FC,0,1
0,04/14/25,FC Botosani,ASC Otelul Galati,0,1
0,04/14/25,Torque,Nacional de Montevideo,1,1
0,04/14/25,Al Baten,Al-Tai FC,2,0
1,04/14/25,AC Milan U20,AC Monza U20,1,1
2,04/14/25,Bayer Leverkusen,1 FC Cologne,0,1
3,04/14/25,FK Zeleznicar Pancevo,FK Jedinstvo UB,2,1
4,04/14/25,Hapoel Afula FC,Hapoel Ra`anana FC,0,0
5,04/14/25,Bahrain SC,Al-Muharraq,1,1
6,04/14/25,Al-Sitra,Al-Riffa,1,0
7,04/14/25,FC Nõmme United,Nõmme Kalju FC U21,2,0
0,04/14/25,El Seka Elhadeed,Olympic El Qanal,2,0
1,04/14/25,Al Khalidiyah,Al Ahli Club,1,1
2,04/14/25,Al Jabalain,Al-Jubail,0,0
0,04/14/25,Hapoel Be`er Sheva FC,Beitar Jerusalem FC,1,1
0,04/14/25,Al Draih,Al-Ula FC (n),0,0
0,04/14/25,Jeddah Club,Al Najma Club,0,0
0,04/14/25,RFC Liege U21,Sporting Lokeren U21,1,0
0,04/14/25,Atletico Madrid,Real Valladolid,2,1
0,04/14/25,Deportivo Pasto Women,Deportivo Cali Women,0,0
0,04/14/25,Colon de Santa Fe,CA San Telmo,0,0
1,04/14/25,Tigres FC Zipaquira,Boca Juniors de Cali,1,0
2,04/14/25,Santa Fe Women,Orsomarso SC Women,1,0
3,04/14/25,Sportivo Carapeguá,Club Fernando de la Mora,0,0
0,04/14/25,Deportivo Recoleta,Club Libertad Asunción,1,0
0,04/14/25,Deportivo Recoleta,Club Libertad Asunción,1,0
1,04/14/25,Nacional Potosi,Guabira,0,0
0,04/14/25,Chapelton Maroons FC,Mount Pleasant FA,0,0
1,04/14/25,Unión Española,Ñublense,2,0
0,04/14/25,Cristal AP,Santana EC AP,0,0
0,04/15/25,Deportivo Garcilaso,Alianza Lima,0,0
0,04/15/25,Planning Boys United,Ranipokhari Corner Team,1,0
0,04/15/25,Kirkos FC,Adama Ketema FC,1,0
0,04/15/25,Springvale White Eagles,Altona City SC,1,1
1,04/15/25,Macarthur Rams,Canterbury Bankstown FC,0,0
0,04/15/25,Sporting Clube de Goa,Clube de Salgaocar,1,1
0,04/15/25,Qingdao West Coast FC,Shandong Taishan FC,0,1
0,04/15/25,Valerenga U19,Brann U19,1,0
0,04/15/25,Chesterfield FC Reserves,Stoke City Reserves,1,3
1,04/15/25,KF Dukagjini,FC Suhareka,1,1
2,04/15/25,Charlton Athletic U21,Birmingham City U21,0,1
3,04/15/25,Mechal SC,Ethio Electric SC,0,0
4,04/15/25,Kitara FC,Lugazi Municipal FC,0,0
5,04/15/25,Soltilo Bright Stars FC,Wakiso Giants FC,0,0
0,04/15/25,Chesterfield FC Reserves,Stoke City Reserves,1,3
1,04/15/25,KF Dukagjini,FC Suhareka,1,1
2,04/15/25,Charlton Athletic U21,Birmingham City U21,0,1
3,04/15/25,Cardiff City U21,Barnsley U21,0,0
0,04/15/25,Deportivo Armenio Reserves,Deportivo Flandria Reserves,0,0
0,04/15/25,Nasr Taadeen,Al Madina Al Monawara SC,0,2
1,04/15/25,Wadi Degla SC,Asyut Petroleum,1,0
0,04/15/25,Estudiantes de Buenos Aires Reserves,CA Talleres Remedios de Escalada Reserves,0,0
0,04/15/25,SC FC Voluntari,ACS Champions FC Arges,0,0
1,04/15/25,Nouakchott Academie,ASAC Concorde,1,0
2,04/15/25,FC Pyunik Yerevan,FC Ararat-Armenia,0,0
0,04/15/25,Lokomotiv Moscow,RFK Akhmat Grozny,2,1
1,04/15/25,Chivas Guadalajara U23,Club Puebla U23,1,0
0,04/15/25,Paradou AC U21,JS Saoura U21,0,0
1,04/15/25,US Biskra U21,NC Magra U21,0,1
2,04/15/25,FK Borac Banja Luka,FK Sarajevo,0,1
3,04/15/25,Olympique Akbou,MC Alger,0,0
4,04/15/25,Grankulla IFK,IFK Mariehamn,1,0
0,04/15/25,Sharjah FC,Al-Taawoun FC,0,0
1,04/15/25,Bnei Yehuda Tel Aviv FC,Hapoel Rishon Lezion FC,1,3
2,04/15/25,Tampere United,Turun Palloseura,0,2
3,04/15/25,Aali Club,Manama Club,1,0
4,04/15/25,Al Zulfi SC,Ohod Madinah,0,0
0,04/15/25,San Telmo Reserves,Chacarita Juniors Reserves,1,2
1,04/15/25,Malkiya FC,Al-Shabab Club,0,0
2,04/15/25,Aali Club,Manama Club,1,0
3,04/15/25,Al Zulfi SC,Ohod Madinah,0,0
4,04/15/25,Duhok,Qadsia SC,0,0
0,04/15/25,Stellenbosch FC,AmaZulu,1,0
0,04/15/25,Al-Adalah,Al-Ain Saudi FC,1,1
1,04/15/25,Cumbaya FC,Imbabura SC,0,0
2,04/15/25,Estudiantes de La Plata Reserves,Newell's Old Boys Reserves,1,0
3,04/15/25,Queens Park Rangers U21,Fleetwood Town U21,0,1
4,04/15/25,Nottingham Forest U21,Athletic Bilbao U21,0,0
5,04/15/25,Argentinos Juniors Reserves,Aldosivi Reserves,0,1
6,04/15/25,Tigre Reserves,Central Córdoba Reserves,0,0
0,04/15/25,Arsenal Women,Leicester City FC Women,3,0
0,04/15/25,Farsley Celtic FC,Radcliffe Football Club,0,0
1,04/15/25,Weston-super-Mare,Tonbridge Angels,1,0
0,04/15/25,Borussia Dortmund,FC Barcelona,1,0
1,04/15/25,Farsley Celtic FC,Radcliffe Football Club,0,0
2,04/15/25,Weston-super-Mare,Tonbridge Angels,1,0
0,04/15/25,Valur/KH U19,Afturelding/Hviti/Alaf U19,3,1
1,04/15/25,Millonarios Women,La Equidad Women,1,1
0,04/15/25,Independiente Juniors,Chacaritas SC,2,0
0,04/15/25,Atlético Tucumán Reserves,Vélez Sársfield Reserves,1,0
1,04/15/25,Club Sportivo Luqueño,Club Sportivo Trinidense,0,0
2,04/15/25,Alianza FC Valledupar,Deportivo Pasto,1,0
0,04/15/25,CR Flamengo RJ,SE Palmeiras SP,1,2
0,04/15/25,Deportivo Riestra Reserves,CA River Plate Reserves,0,0
1,04/15/25,Cuiaba EC MT,CA Paranaense PR,0,1
2,04/15/25,Fluminense FC RJ,SC Corinthians SP,1,0
0,04/15/25,Louisville City FC,Loudoun United FC,2,0
1,04/15/25,Charlotte Independence,North Carolina FC,0,0
0,04/16/25,CS Herediano,Santos de Guapiles,2,0
0,04/16/25,Hoai Duc,Tre Pvf Cand,0,1
0,04/16/25,Galatasaray SK U19,Hatayspor U19,2,0
0,04/16/25,Mexico FC,CUC Villalba,0,0
1,04/16/25,Ringwood City,Oakleigh Cannons,0,1
0,04/16/25,Sejong Sa FC,FC Anyang,0,1
0,04/16/25,Vissel Kobe,Kawasaki Frontale,2,1
1,04/16/25,Kataller Toyama,Nagoya Grampus,0,0
2,04/16/25,Tochigi SC,Avispa Fukuoka,0,1
0,04/16/25,BG Pathum United,BG Tampines Rovers,1,1
0,04/16/25,CA San Miguel Reserves,Deportivo Morón Reserves,0,0
1,04/16/25,Kuching City,Johor Darul Ta'zim,0,2
2,04/16/25,Roaring Leopard FC,Sikkim Dragons FC,0,2
3,04/16/25,Sandefjord Fotball 2,Gneist,2,2
4,04/16/25,Big Bullets,Creck SC,2,0
0,04/16/25,Kwoon Chung Southern U22,Kitchee U22,0,1
0,04/16/25,FC Envigado Reserves,Real Santuario,0,0
0,04/16/25,Al Nasr Egypt,El-Obour SC,0,0
0,04/16/25,Sparta Prague B,SK Lisen Brno,0,0
1,04/16/25,FC Noah Yerevan,FC Van Charentsavan,1,0
0,04/16/25,FK Zenit Saint Petersburg,FK Rostov,0,0
1,04/16/25,Pumas Unam U23,Club Santos Laguna U23,1,0
2,04/16/25,FC Vysocina Jihlava,FC Zlin,0,1
0,04/16/25,ATUS Ferlach,SVG Bleiburg,2,0
0,04/16/25,Unifut Antigua,Cremas Femenino,1,0
0,04/16/25,Al Hazm,Al-Arabi Al-Saudi,1,1
0,04/16/25,Real Madrid,Arsenal FC,0,0
0,04/16/25,Independiente Rivadavia,CA Estudiantes,1,0
0,04/16/25,Club Deportivo Vargas Torres,Leones del Norte,1,0
0,04/16/25,Deportivo Achuapa,CD Marquense,1,0
0,04/16/25,Club Guaraní,Club 2 de Mayo,0,1
0,04/16/25,Argentinos Juniors,CA Central Norte Salta,1,0
0,04/16/25,Boca Juniors Reserves,Defensa y Justicia Reserves,1,0
1,04/16/25,SC Recife PE,Red Bull Bragantino SP,0,1
2,04/16/25,Mirassol FC SP,Gremio FB Porto Alegrense RS,2,0
0,04/16/25,Detroit City FC,Westchester SC,0,0
1,04/16/25,Unan Managua,Managua FC,0,2
2,04/16/25,Paysandu SC PA,Chapecoense SC,0,2
3,04/16/25,Avai FC SC,Operario Ferroviario EC PR,1,0
4,04/16/25,Ñublense Women,Rangers Women,1,0
0,04/17/25,CA Belgrano de Cordoba,Real Pilar FC,3,0
0,04/17/25,Mazatlan FC,Club Tijuana de Caliente,0,0
0,04/17/25,Juba Sangha FC,Signature FC,4,2
0,04/17/25,Gyalshing Utd FC,Red Panda FC,0,0
1,04/17/25,Semen Padang,PSIS Semarang,1,0
0,04/17/25,AD San Viator,Touring KE,0,1
1,04/17/25,Cəbrayıl FK,Mingachevir,1,0
2,04/17/25,FK IMT U19,FK Brodarac U19,2,0
0,04/17/25,Aravaca CF,CD Galapagar,0,0
1,04/17/25,Melbourne Knights,Beaumaris SC,4,0
2,04/17/25,West Torrens Birkalla,Croydon FC,0,0
0,04/17/25,CD Cieza,SFC Minerva,1,0
0,04/17/25,CD San Ignacio,CD Lagun Onak,0,3
0,04/17/25,CD San Ignacio,CD Lagun Onak,0,3
0,04/17/25,Baku Sporting,Qaradag Lökbatan,0,0
1,04/17/25,Los Andes U20,Club Comunicaciones U20,1,0
2,04/17/25,Ferro Carril Oeste U20,Rosario Central U20,0,2
3,04/17/25,Racing Club U20,Tigre U20,2,0
4,04/17/25,San Martin-San Juan U20,Independiente Rivadavia U20,1,0
5,04/17/25,Barracas Central U20,Aldosivi U20,2,0
6,04/17/25,CA Sarmiento U20,Deportivo Riestra U20,5,0
7,04/17/25,Boca Juniors U20,San Lorenzo U20,1,0
8,04/17/25,Central Cordoba U20,Defensa y Justicia U20,0,2
9,04/17/25,Platense U20,CA Independiente U20,0,0
10,04/17/25,Argentinos Juniors U20,Atletico Tucuman U20,0,0
11,04/17/25,Belgrano U20,River Plate U20,1,2
12,04/17/25,CA Huracan U20,Velez Sarsfield U20,0,0
13,04/17/25,PSS Sleman,Dewa United,0,1
14,04/17/25,Newell's Old Boys U20,Estudiantes de La Plata U20,2,0
15,04/17/25,Union de Santa Fe U20,Colon de Santa Fe U20,0,0
16,04/17/25,CA San Miguel U20,Temperley U20,0,0
17,04/17/25,Talleres de Remedios de Escalada U20,Almagro U20,2,0
18,04/17/25,Acassuso U20,Colegiales U20,0,0
0,04/17/25,MS Tala,Al Olympi,1,0
1,04/17/25,Maleyet Kafr El Zayiat,Damanhur,0,0
2,04/17/25,TB Tvoeroyri,07 Vestur Sorvagur,1,1
3,04/17/25,NK Sesvete,HNK Cibalia Vinkovci,0,0
0,04/17/25,Maleyet Kafr El Zayiat,Damanhur,0,0
1,04/17/25,AL Talaba,Al Kahrabaa SC,1,0
0,04/17/25,ACSM Resita,Csa Steaua Bucuresti,0,1
0,04/17/25,Deportivo Paraguayo Reserves,Atlas Reserves,0,1
0,04/17/25,ES Sétif U21,MC Oran U21,1,0
1,04/17/25,Hapoel Jerusalem Women,Maccabi Kishronot Hadera Women,1,1
2,04/17/25,SP Villafranca,AD Llerenense,1,4
3,04/17/25,Aviles Stadium CF,CD Tuilla,0,1
0,04/17/25,Jagiellonia Bialystok,Real Betis Seville,0,0
0,04/17/25,ACF Fiorentina,NK Celje,1,0
0,04/17/25,Al-Fateh Al-Hasa,Al-Ittihad Jeddah,1,0
0,04/17/25,Eintracht Frankfurt,Tottenham Hotspur,0,1
1,04/17/25,Athletic Bilbao,Glasgow Rangers,1,0
2,04/17/25,SK Rapid,Djurgardens IF,1,1
3,04/17/25,Bucaramanga Women,América de Cali Women,0,1
4,04/17/25,Real Cundinamarca,Barranquilla FC,2,0
0,04/17/25,Guayaquil City FC,CA Vinotinto,1,0
1,04/17/25,Provincial Ovalle FC,Deportes Melipilla,1,0
0,04/17/25,Guayaquil City FC,CA Vinotinto,1,0
1,04/17/25,Provincial Ovalle FC,Deportes Melipilla,1,0
0,04/17/25,Atlético Bucaramanga,Envigado FC,1,0
0,04/17/25,Cruz Azul Women,FC Juarez Women,3,0
0,04/17/25,Cruz Azul Women,FC Juarez Women,3,0
1,04/17/25,Goias EC GO,Vila Nova FC GO,1,1
2,04/17/25,Independiente Reserves,Racing Club Reserves,2,1
0,04/17/25,Criciuma EC SC,Athletic Club Sjdr MG,2,0
1,04/17/25,CR Brasil AL,Volta Redonda FC RJ,1,0
2,04/17/25,Atletico San Luis Women,Puebla Women,1,0
0,04/18/25,Fortaleza FC,Llaneros FC Villavicencio,0,0
0,04/18/25,Cashmere Technical,Nomads United,1,2
1,04/18/25,Coastal Spirit FC,Wanaka AFC,0,0
2,04/18/25,Eastern Suburbs Auckland AFC,Auckland United,1,0
3,04/18/25,Auckland FC II,East Coast Bays,0,0
4,04/18/25,Selwyn United FC,Christchurch United,0,6
5,04/18/25,Western Springs AFC,Tauranga City United AFC,0,2
6,04/18/25,Birkenhead United,Auckland City,1,1
0,04/18/25,FC Osaka,Thespakusatsu,0,2
0,04/18/25,Fencibles United AFC,Manurewa AFC,1,2
0,04/18/25,CS Afumati,CSM Slatina,1,0
0,04/18/25,Borneo FC Samarinda,PSM Makassar,1,0
0,04/18/25,ESM Kolea U21,JSM Tiaret U21,0,0
1,04/18/25,CD Manchego Ciudad Real,CD Noblejas,2,1
2,04/18/25,GNK Dinamo Zagreb U19,NK Kustosija Zagreb U19,0,0
3,04/18/25,MFk Karvina B,1. FC Slovacko B,0,2
0,04/18/25,JS El Biar U21,WA Mostaganem U21,2,3
1,04/18/25,US Bechar Djedid U21,ES Ben Aknoun U21,0,0
2,04/18/25,Pisa Calcio U19,Frosinone Calcio U19,1,1
0,04/18/25,RC Arbaa U21,RC Kouba U21,0,0
0,04/18/25,Real Sociedad Women,SD Eibar Women,0,0
1,04/18/25,Hoang Anh Gia Lai,Hong Linh Ha Tinh,0,1
0,04/18/25,Fehervar FC U19,Szeged-Csanad Grosics Akademia U19,1,0
0,04/18/25,Tallinna FC Flora,Paide Linnameeskond,1,0
1,04/18/25,Gateshead,York City,1,1
0,04/18/25,MOIK Baku,FK Karvan,1,0
1,04/18/25,Bristol City U21,Swansea City U21,1,2
2,04/18/25,Crewe Alexandra U21,Burnley U21,0,2
3,04/18/25,FK Metta / Lu,FS Jelgava,0,0
4,04/18/25,Persib Bandung,Bali United,0,1
5,04/18/25,Chonburi FC,Pattaya Dolphins United,1,0
0,04/18/25,Imisli Futbol Klubu,FK Qäbälä,1,0
0,04/18/25,Xorazm Fk Urganch,FC Bunyodkor,0,0
1,04/18/25,Al Faisaly SC,Al-Ramtha,1,0
0,04/18/25,Luxor,Al Madina Al Monawara SC,0,0
1,04/18/25,Nasr Taadeen,Misr Elmaqasah,0,0
0,04/18/25,Nasr Taadeen,Misr Elmaqasah,0,0
1,04/18/25,FK Sloboda,FK Radnik Bijeljina,2,2
2,04/18/25,Blackburn Rovers,Millwall FC,2,1
3,04/18/25,Preston North End,Queens Park Rangers,0,0
4,04/18/25,Spennymoor Town,Scarborough Athletic,0,0
0,04/18/25,GOŠK Gabela,FK Sloga Doboj,0,0
0,04/18/25,Caracas FC,Monagas SC,0,1
0,04/18/25,Cerro Largo FC,CA River Plate (URU),0,0
0,04/18/25,Deportivo Binacional FC,Universitario de Deportes,0,2
0,04/19/25,BTB Soccer Club,Calgary Rangers,0,1
0,04/19/25,Miramar Rangers,Wellington Phoenix Reserves,0,0
0,04/19/25,Petone FC,North Wellington AFC,2,2
0,04/19/25,TSS FC Rovers,Langley United SA,1,3
0,04/19/25,Wellington Olympic AFC,Western Suburbs FC,1,1
0,04/19/25,Seoul Jungnang FC,Dangjin FC,2,2
1,04/19/25,Tiamo Hirakata,Verspah Oita,0,2
2,04/19/25,Briobecca Urayasu,Iwate Grulla Morioka,1,0
3,04/19/25,JEF United Ichihara Chiba,Mynavi Sendai Ladies,0,0
0,04/19/25,Fulham United FC,Sturt Lions,2,0
1,04/19/25,Gangneung City,Gimhae City,1,0
2,04/19/25,Gijang United,Daegu FC Reserves,0,2
3,04/19/25,Namyangju FC,Pyeongtaek Citizen FC,0,0
4,04/19/25,Busan Transportation Corporation,Siheung Citizen,0,1
5,04/19/25,Geoje FC,Yeoncheon FC,1,0
6,04/19/25,Jeonbuk Hyundai Motors Reserves,Changwon City,0,1
0,04/19/25,Shanghai Second,Jiangxi Dingnan United,0,0
0,04/19/25,Quanzhou Qinggong,Suzhou Dongwu,0,0
0,04/19/25,Shaanxi Northwest Youth,Chongqing Tonglianglong FC,0,1
1,04/19/25,Ethio Electric SC,Addis Ababa Ketema FC,1,1
2,04/19/25,Henan Songshan Longmen Women,Jiangsu Suning Women,1,0
3,04/19/25,Liaoning Women,Shaanxi Women,0,0
4,04/19/25,Subiaco AFC,Dianella White Eagles SC,1,1
5,04/19/25,Fremantle City,Sorrento FC,0,0
6,04/19/25,Olympic Kingsway SC,Western Knights SC,2,0
0,04/19/25,Malaga CF U19,San Felix C.F U19,1,0
1,04/19/25,Elche CF SAD,Real Union de Tenerife Santa Cruz,0,1
2,04/19/25,FC Tatran Presov,KFC Komarno,1,0
3,04/19/25,Perth SC,Perth Redstar FC,2,1
4,04/19/25,Eyupspor U19,Galatasaray SK U19,0,1
5,04/19/25,Ankara Keciorengucu U19,Aytemiz Alanyaspor U19,0,0
0,04/19/25,Rockdale Ilinden FC,Western Sydney Youth YOUTH,4,1
0,04/19/25,US Salernitana U19,Pescara Calcio U19,0,0
1,04/19/25,JK Tabasalu,FC Nomme United U21,1,0
0,04/19/25,JS Djijel U21,MB Rouissat U21,1,0
1,04/19/25,AS Khroub U21,USM Annaba U21,1,0
2,04/19/25,O Magran U21,JS Bordj Ménaiel U21,0,2
3,04/19/25,NRB Teleghma U21,CA Batna U21,0,5
0,04/19/25,JS Djijel U21,MB Rouissat U21,1,0
1,04/19/25,AS Khroub U21,USM Annaba U21,1,0
2,04/19/25,O Magran U21,JS Bordj Ménaiel U21,0,2
3,04/19/25,NRB Teleghma U21,CA Batna U21,0,5
0,04/19/25,JS Djijel U21,MB Rouissat U21,1,0
0,04/19/25,O Magran U21,JS Bordj Ménaiel U21,0,2
0,04/19/25,US Lecce,Como 1907,0,1
0,04/19/25,Malawi Armed Forces College FC,Kamuzu Barracks FC,0,3
0,04/19/25,Brentford FC,Brighton & Hove Albion,1,1
0,04/19/25,Uniao Barbarense SP U23,AE Aracatuba U23,3,0
1,04/19/25,Club Ferro Carril Oeste Women,San Luis FC Women,1,0
0,04/19/25,AS Roma,Hellas Verona,1,0
0,04/19/25,Vitoria SC Guimaraes,SL Benfica,0,1
0,04/19/25,Nautico PE,Botafogo FC PB,0,0
0,04/19/25,Detroit City FC,Rhode Island FC,2,0
1,04/19/25,Oakland Roots SC,Orange County SC,2,0
0,04/19/25,CN Marcilio Dias SC,EC Sao Jose RS,0,0
1,04/19/25,CS Maritimo de la Guaira,Dynamo Puerto FC,0,1
2,04/19/25,Aurora FC,Deportivo Iztapa,1,0
3,04/19/25,CSD Coban Imperial,Deportivo Achuapa,1,1
0,04/19/25,CD Cuenca,CS Emelec,1,0
0,04/19/25,Santos de Guapiles,Puntarenas FC,1,1
1,04/19/25,Paulista FC SP U23,Nacional AC SP U23,1,0
0,04/19/25,Club Atlético Talleres de Cordoba Women,Club Atlético San Lorenzo de Almagro Women,3,0
1,04/19/25,Capital CF DF,AA Aparecidense GO,0,0
2,04/19/25,Anapolis FC GO,Ituano FC SP,0,1
0,04/19/25,Gremio Esportivo Brasil,Barra FC SC,0,0
0,04/20/25,Napier City Rovers,Upper Hutt City Football,0,0
0,04/20/25,Portland Timbers,Los Angeles FC,2,1
0,04/20/25,Bunnies Gunma FC White Star Women,FC Fujizakura Yamanashi Women,0,0
0,04/20/25,Fukushima United FC,Kochi United SC,1,2
1,04/20/25,Roasso Kumamoto,Vegalta Sendai,0,1
0,04/20/25,Nagoya Grampus,Sanfrecce Hiroshima,1,0
1,04/20/25,Vissel Kobe,Machida Zelvia,0,0
2,04/20/25,Fagiano Okayama,Kashima Antlers,1,0
3,04/20/25,Sydney FC,Newcastle United Jets,1,2
4,04/20/25,Yokohama FC,Gamba Osaka,1,1
5,04/20/25,Shimizu S-Pulse,Avispa Fukuoka,1,1
6,04/20/25,UWA Nedlands FC U21,Hyundai NTC U21,0,0
0,04/20/25,Urawa Red Diamonds,Yokohama F Marinos,0,0
1,04/20/25,Tai Po FC,Eastern SC (n),1,1
2,04/20/25,Zhejiang Hangzhou Xizi Women,Guangdong Haiyin Women,1,3
3,04/20/25,Wuhan Women,Changchun Dazhong Zh. Women,1,1
0,04/20/25,Nantong Haimen Codion,Guangxi Pingguo,0,0
1,04/20/25,Jeonbuk FC,Daegu FC,3,0
2,04/20/25,Chungnam Asan FC,Jeonnam Dragons,0,0
3,04/20/25,Jeju SK FC,FC Pohang Steelers,1,0
4,04/20/25,Chongqing Chunlei,Guandong GZ-Power FC,0,0
0,04/20/25,FC Ryukyu,Tegevajaro Miyazaki,1,0
0,04/20/25,Red Panda FC,Sikkim Black Eagle SC,1,1
0,04/20/25,Red Panda FC,Sikkim Black Eagle SC,1,1
1,04/20/25,ABB Fomget Women,Trabzonspor Women,0,1
0,04/20/25,Kirivong Soksen Chey,Ministry Of Interior FA,1,0
1,04/20/25,Jvw FC,TS Galaxy FC,2,0
0,04/20/25,AD Parla,CD El Alamo,1,0
1,04/20/25,Sparta Prague,Slavia Prague,0,1
0,04/20/25,Persebaya Surabaya,Madura United FC,0,0
0,04/20/25,Borussia Dortmund,Borussia Monchengladbach,2,1
0,04/20/25,CS Cerrito,Central Espanol FC,0,1
0,04/20/25,AS Saint-Etienne,Olympique Lyon,1,0
0,04/20/25,Molynes United FC,Racing United FC,1,0
1,04/20/25,Tivoli Gardens,Harbour View,1,1
2,04/20/25,Mount Pleasant FA,Montego Bay United,0,0
3,04/20/25,Portmore United FC,Waterhouse,0,2
0,04/20/25,Tivoli Gardens,Harbour View,1,1
1,04/20/25,Mount Pleasant FA,Montego Bay United,0,0
0,04/20/25,Club General Caballero JLM,Club Atletico Tembetary,0,0
1,04/20/25,CD Dragon,Municipal Limeno,0,0
2,04/20/25,Chapecoense SC,Athletic Club Sjdr MG,0,0
0,04/20/25,CDT Real Oruro,Oriente Petrolero,1,0
1,04/20/25,Unión Magdalena,Atlético Bucaramanga,0,0
0,04/20/25,Universidad de Concepción,Deportes Concepción,1,2
0,04/20/25,CS Herediano,AD Municipal Santa Ana,0,1
0,04/20/25,Portuguesa FC,Metropolitanos FC,1,1
0,04/20/25,Club Santos Laguna,Club Tijuana de Caliente,0,2
1,04/20/25,America FC MG,Goias EC GO,1,0
2,04/20/25,Comunicaciones FC,CSD Municipal,1,0
3,04/20/25,Atlético Huila,FC Leones,1,0
4,04/20/25,Real Cartagena,Jaguares de Córdoba,1,1
5,04/20/25,Cerro Porteño Women,Club Atletico Tembetary Women,1,0
0,04/21/25,Manurewa AFC,Auckland FC II,0,0
1,04/21/25,Auckland City,Bay Olympic,0,0
2,04/21/25,Tauranga City United AFC,Auckland United,1,0
3,04/21/25,East Coast Bays,Eastern Suburbs Auckland AFC,0,1
4,04/21/25,West Coast Rangers,Fencibles United AFC,0,2
0,04/21/25,Western Springs AFC,Birkenhead United,1,2
0,04/21/25,Adelaide Olympic FC,FK Beograd,0,1
0,04/21/25,Adama City FC,Mechal SC,0,1
1,04/21/25,Shree Kumari Club,Tushal Youth Club,1,0
0,04/21/25,Persip Pekalongan,Harin FC,1,0
1,04/21/25,Persidi Idi Rayeuk,Psmp Mojokerto,1,1
2,04/21/25,1. FC Leibnitz,SK Werndorf,2,0
0,04/21/25,Kon Tum,Lam Dong FC,0,1
0,04/21/25,Viby IF,B1909,0,1
0,04/21/25,BK Skjold,Horsholm-Usserod IK,0,2
0,04/21/25,BK Skjold,Horsholm-Usserod IK,0,2
0,04/21/25,FC Twente Women,Ajax Women,4,1
0,04/21/25,Cortalim Villagers,Goa Police SC,1,1
0,04/21/25,Cortalim Villagers,Goa Police SC,1,1
1,04/21/25,Skedsmo,Aassiden,2,1
0,04/21/25,Woking,Aldershot Town,3,0
0,04/21/25,GBK Kokkola,VPS Akatemia,0,1
1,04/21/25,Maidstone United,Tonbridge Angels,1,0
2,04/21/25,Scarborough Athletic,Darlington,0,0
3,04/21/25,PPJ Helsinki,P-Iirot,3,0
4,04/21/25,Viborg FF,Lyngby BK,1,0
0,04/21/25,Chitipa United,Ekhaya FC,1,0
0,04/21/25,Suez Montakhab,El Mansoura,1,0
1,04/21/25,Asyut Petroleum,Tanta,0,1
2,04/21/25,Alexandria Sporting Club,Abu Qair Semad,0,0
3,04/21/25,Tersana SC,Proxy Work Club,1,1
4,04/21/25,FC Kiryat Gat Women,Hapoel Jerusalem Women,1,0
0,04/21/25,FC Kiryat Gat Women,Hapoel Jerusalem Women,1,0
0,04/21/25,Al-Hilal Riyadh,Al-Shabab Riyadh,1,1
1,04/21/25,Dundalk FC,Finn Harps FC,0,0
0,04/21/25,Molde FK,Bodoe/Glimt,0,2
1,04/21/25,Hapoel Ironi Petah Tikva Women,ASA Tel Aviv Women,0,0
0,04/21/25,IL Flint,Sarpsborg 08 2,1,2
1,04/21/25,Al-Ittihad Jeddah,Al-Ettifaq,2,1
0,04/21/25,Al-Ittihad Jeddah,Al-Ettifaq,3,1
0,04/21/25,Cristobal Colon Jas,Club Sportivo Iteno,1,0
0,04/21/25,Cristobal Colon Jas,Club Sportivo Iteno,1,0
1,04/21/25,Nacional de Montevideo,Albion FC,1,1
0,04/21/25,Tottenham Hotspur,Nottingham Forest,0,2
1,04/21/25,Girona FC,Real Betis Seville,0,3
2,04/21/25,Santana EC AP,Ypiranga Clube AP,1,1
0,04/21/25,Internacional de Palmira,Tigres FC Zipaquira,1,0
0,04/21/25,Club 2 de Mayo,Club Sportivo Ameliano,1,1
1,04/21/25,Club Sol de América,Sportivo Carapeguá,0,0
0,04/21/25,Gremio Novorizontino SP,Criciuma EC SC,0,1
1,04/21/25,Independiente Medellín Women,Alianza FC Women,2,0
2,04/21/25,Cavalier,Chapelton Maroons FC,0,0
0,04/21/25,Boyacá Chicó,Fortaleza FC,0,0
1,04/21/25,EC Bahia BA,Ceara SC CE,0,0
2,04/21/25,Club Guarani Women,Club Sportivo Trinidense Women (n),0,0
0,04/22/25,Sylva Kalteng FC,Mangiwang FC,0,0
1,04/22/25,Batavia FC,Pesik Kuningan,0,0
0,04/22/25,Planning Boys United,Brigade Boys Club,0,0
0,04/22/25,Yanbian Longding,Dalian K'un City FC,1,1
0,04/22/25,Shaanxi Union FC,Nanjing City,1,1
0,04/22/25,PVF,Hoai Duc,0,0
0,04/22/25,AS Roma U20,Udinese Calcio U20,4,0
0,04/22/25,Shan United FC Women,Ayeyawady United FC Women (n),0,1
1,04/22/25,Yangon United FC Women,Ispe FC Women,0,2
0,04/22/25,FC Goa II,Sporting Clube de Goa,0,1
0,04/22/25,Liaoning Tieren F.C.,Shenzhen Juniors FC,3,1
1,04/22/25,Shanghai Jiading Huilong,Qingdao Red Lions,1,0
2,04/22/25,Kitchee U22,Hong Kong Rangers FC U22,0,1
0,04/22/25,Nantong Zhiyun F.C,Chongqing Tonglianglong,1,3
0,04/22/25,Thunderbolt North United,Siniolchu FC,3,0
0,04/22/25,Ironi Modiin,FC Holon Yermiyahu,0,1
1,04/22/25,Maccabi Ironi Ashdod F.C.,Hapoel Azur,0,0
2,04/22/25,MS Jerusalem,Dimona SC,0,0
3,04/22/25,Hapoel Herzliya,Shimshon Tel Aviv,0,1
4,04/22/25,Maccabi Yavne,Agudat Sport Ashdod,1,0
5,04/22/25,Mes Shahr-e Babak,Mes Sungun Varzaghan,0,0
6,04/22/25,Pretoria University,Casric FC,0,0
0,04/22/25,Ironi Modiin,FC Holon Yermiyahu,0,1
1,04/22/25,Maccabi Ironi Ashdod F.C.,Hapoel Azur,0,0
2,04/22/25,MS Jerusalem,Dimona SC,0,0
3,04/22/25,Hapoel Herzliya,Shimshon Tel Aviv,0,1
4,04/22/25,Maccabi Yavne,Agudat Sport Ashdod,1,0
5,04/22/25,Hawassa Ketema,Mechal SC,1,0
6,04/22/25,Damash Gilan FC,Palayesh Naft Bandar Abbas FC,0,1
7,04/22/25,Pretoria University,Casric FC,0,0
8,04/22/25,Queens Park Rangers U21,Cardiff City U21,0,1
9,04/22/25,Sheffield United U21,Colchester United U21,3,0
0,04/22/25,Niroye Zamini Tehran,Besat Kermanshah,1,0
0,04/22/25,Sharjah FC,Ajman Club,2,0
1,04/22/25,Al Urooba UAE,Al Wahda FC (UAE),0,0
0,04/22/25,CD Mafra U23,Portimonense U23,0,0
1,04/22/25,Quilmes Reserves,Estudiantes de Buenos Aires Reserves,3,0
2,04/22/25,Al-Wehdat,Moghayer Al Sarhan,0,1
0,04/22/25,Nõmme Kalju FC,JK Tallinna Kalev,1,1
1,04/22/25,Tartu JK Tammeka,FC Kuressaare,0,0
2,04/22/25,Sampdoria Genoa U20,Torino FC U20,1,0
0,04/22/25,Vindbjart FK,Sandnes Ulf 2,0,0
1,04/22/25,Atlantis FC/Akatemia,Nurmijarven Jalkapalloseura,1,2
2,04/22/25,Al Sadd SC,Al Ahli Doha SC,1,0
0,04/22/25,Valencia CF,Espanyol Barcelona,0,1
0,04/22/25,Durban City FC,Milford FC,0,1
1,04/22/25,Throttur Reykjavik,Breidablik Kopavogur,1,0
0,04/22/25,Manchester City,Aston Villa,1,1
0,04/22/25,FC Barcelona,RCD Mallorca,0,0
0,04/22/25,River Plate Asuncion,Rubio Ñú,1,0
0,04/22/25,Argentinos Juniors,CA Barracas Central,2,0
1,04/22/25,Club Guarani Asuncion,CA Independiente Avellaneda,1,0
2,04/22/25,CA Boston River,CA Nacional Potosi,0,1
0,04/22/25,AC Goianiense GO,Cuiaba EC MT,1,0
0,04/23/25,Persema Malang,Victory Dairi,1,0
1,04/23/25,Perslutim Luwu Timur,Persipegaf Pegunungan Arfak,0,0
0,04/23/25,Lideta Sub City,Adama Ketema FC,0,0
0,04/23/25,Foshan Nanshi F.C.,Jiangxi Dingnan United F.C.,0,0
0,04/23/25,Ulinzi Starlets,Kibera Girls Soccer Academy,0,0
1,04/23/25,PS Hizbul Wathan Umy,Persip Pekalongan,0,0
2,04/23/25,Josal FC Piaman,Persikos Kota Sorong,3,1
0,04/23/25,Kuala Lumpur City FC U20,Kuching City U20,0,0
0,04/23/25,Kuala Lumpur City FC U20,Kuching City U20,0,0
0,04/23/25,Myawadi FC Women,Yreo FC Women (n),0,0
0,04/23/25,FC Ferizaj U21,SC Gjilani U21,0,2
0,04/23/25,Shijiazhuang Gongfu FC,Suzhou Dongwu,1,0
1,04/23/25,Guangxi Pingguo Haliao F.C.,Guangdong GZ-Power FC,0,2
0,04/23/25,Villa Dálmine Reserves,CA Ferrocarril Midland Reserves,1,0
1,04/23/25,Abha,Al-Jandal,1,1
0,04/23/25,Al Wahda U23,Al Orooba U23,0,1
1,04/23/25,Al Nasr U23,Dibba Al-Hisn U23,0,1
2,04/23/25,Al Ain U23,Bani Yas U23,0,0
3,04/23/25,Ajman U23,Sharjah U23,0,0
4,04/23/25,AL Bataeh (UAE),Al Wasl FC,1,2
5,04/23/25,ZFK Masinac PZP,Zfk Crvena Zvezda,0,4
6,04/23/25,NK Bravo Ljubljana U19,FC Koper U19,2,0
0,04/23/25,Al Wahda U23,Al Orooba U23,0,1
1,04/23/25,Al Nasr U23,Dibba Al-Hisn U23,0,1
2,04/23/25,Al Ain U23,Bani Yas U23,0,0
3,04/23/25,Ajman U23,Sharjah U23,0,0
4,04/23/25,Stade Renard,Colombe Sportive Du Dja Et Lobo,0,1
5,04/23/25,Dannaz Ladies,Heartland Queens,0,0
6,04/23/25,Deportes Recoleta Women,Huachipato Women,0,0
7,04/23/25,FC Borac Cacak,Graficar Beograd,0,2
8,04/23/25,APLG Gdańsk Women,Czarni Sosnowiec Women,1,1
9,04/23/25,FK Trayal Krusevac,FK Radnicki Sremska Mitrovica,0,0
10,04/23/25,EGS Gafsa,Étoile Sportive du Sahel,0,1
0,04/23/25,RC Celta de Vigo,Villarreal CF,1,0
0,04/23/25,Fluminense FC RJ,CR Flamengo RJ,1,1
1,04/23/25,AC Goianiense GO U20,Cuiaba EC MT U20,1,0
2,04/23/25,Ferencvarosi Budapest,MTK Budapest,1,1
3,04/23/25,Independiente Rivadavia Reserves,Racing Club Reserves,0,1
4,04/23/25,Huddersfield Reserves,Mansfield Town Reserves,1,0
0,04/23/25,Getafe CF,Real Madrid,0,1
0,04/23/25,América de Cali Women,Fortaleza FC Women,1,0
0,04/23/25,Fram/Ulfarnir U19,FH/IH II U19,2,3
0,04/23/25,Universidad Latina,La Familia FC,0,1
0,04/23/25,CD Dragon,CD. Cacahuatique,1,0
0,04/23/25,San Antonio Bulo Bulo,Velez Sarsfield,1,0
1,04/23/25,CA Central Cordoba Rosario,Club El Porvenir,0,0
0,04/23/25,Central Córdoba Reserves,Argentinos Juniors Reserves,0,0
0,04/23/25,Santos FC AP,Trem DC AP,0,0
0,04/24/25,CA Bucaramanga,Fortaleza EC CE,0,1
1,04/24/25,Mushuc Runa SC,Union de Santa Fe,1,0
2,04/24/25,Atletico Grau,Sportivo Luqueno,1,2
0,04/24/25,FC Juarez Women,América Women,0,0
1,04/24/25,Jaiba Brava,Club Celaya FC,0,0
0,04/24/25,City FC,Royal Rangers FC,0,2
0,04/24/25,Bansbari Club,Nayabasti Youth Club,0,0
0,04/24/25,Bansbari Club,Nayabasti Youth Club,0,0
0,04/24/25,Christchurch United,Canterbury Universities AFC,5,0
0,04/24/25,Melaka United U20,Penang FC U20,0,0
0,04/24/25,Terengganu FA U20,Negeri Sembilan U20,1,1
1,04/24/25,Melaka United U20,Penang FC U20,0,0
0,04/24/25,MC Alger U21,MC El Bayadh U21,1,0
1,04/24/25,Sululta Ketema,Omedla,1,1
0,04/24/25,Bayswater City,Balcatta,2,0
0,04/24/25,Balestier Khalsa FC,Hougang United FC,1,0
0,04/24/25,Club Sportivo Italiano Reserves,Argentino de Merlo Reserves,0,0
1,04/24/25,Paradou AC U21,ES Sétif U21,1,0
2,04/24/25,FC Masar,Luxor,1,0
0,04/24/25,Al Wasl U23,Al Bataeh U23,3,1
1,04/24/25,Kalba U23,Al Jazira U23,1,1
0,04/24/25,CA Nueva Chicago Reserves,Temperley Reserves,1,1
1,04/24/25,Al-Fahaheel,Al Arabi,0,1
2,04/24/25,Jamshedpur FC,Hyderabad FC (n),1,0
3,04/24/25,Sportive de Douala,AS Fortuna,0,0
0,04/24/25,USM Oujda,Raja Beni Mellal,0,2
1,04/24/25,Stade Marocain du Rabat,Yacoub El Mansour,1,1
2,04/24/25,Chabab Ben Guerir,Wydad Fes,0,1
3,04/24/25,Rapide Club Oued Zem,Kawkab Marrakech,0,1
4,04/24/25,Club Atlético Mitre Reserves,Club Almirante Brown Reserves,2,1
0,04/24/25,JS Kabylie U21,CR Belouizdad U21,1,2
1,04/24/25,ASO Chlef U21,US Biskra U21,0,0
2,04/24/25,CS Constantine U21,USM Khenchela U21,1,1
0,04/24/25,CA Osasuna,Sevilla FC,1,0
0,04/24/25,CSYD Tristan Suarez Reserves,San Telmo Reserves,1,0
0,04/24/25,Al-Taawoun Buraidah,Al-Raed Buraidah,2,1
0,04/24/25,Al-Taawoun Buraidah,Al-Raed Buraidah,3,1
1,04/24/25,Belgrano Reserves,Club Atlético Talleres Reserves,0,0
2,04/24/25,CA Villa San Carlos Reserves,Club Comunicaciones Reserves,0,1
3,04/24/25,Ready Fotball U19,Ullern U19,3,0
4,04/24/25,Valerenga U19,Grorud U19,1,1
0,04/24/25,Deportivo Flandria Reserves,San Martín Burzaco Reserves,0,1
0,04/24/25,Drogheda Town FC,Blackrock College AFC,0,1
0,04/24/25,Real Betis Seville,Real Valladolid,1,1
1,04/24/25,Atletico Madrid,Rayo Vallecano,2,0
0,04/24/25,Club Nueve de Octubre,Cumbaya FC,1,1
0,04/24/25,Club Nueve de Octubre,Cumbaya FC,1,1
0,04/24/25,Artesanos Metepec FC,Pachuca Premier,0,1
0,04/25/25,Cerro Porteno,Sporting Cristal,2,1
0,04/25/25,CD Universidad Catolica del Ecuador,Defensa y Justicia,1,1
1,04/25/25,Ferrymead Bays,Dunedin City Royals FC,1,1
2,04/25/25,Burwood AFC,Halswell United,4,1
3,04/25/25,Western Christchurch AFC,FC Twenty 11,0,0
0,04/25/25,Nomads United,Coastal Spirit FC,2,1
0,04/25/25,West Adelaide Reserve,Adelaide City FC Reserve,0,0
0,04/25/25,Persikomet Metro 1999,Perseftim Flores Timur,1,1
1,04/25/25,Perssic Cilegon,Persipegaf Pegunungan Arfak,1,0
2,04/25/25,Persikos Kota Sorong,Victory Dairi,1,1
3,04/25/25,Persidi Idi Rayeuk,PS Palembang,1,2
4,04/25/25,Shree Bhagwati Club,Tushal Youth Club,1,0
5,04/25/25,Bintang Timur Atambua,Psmp Mojokerto,1,1
0,04/25/25,Ganzhou Ruishi FC,Guizhou Zhucheng Athletic (n),0,0
0,04/25/25,FC Tzeirey Tamra U19,Hapoel Beit Shean U19,1,0
1,04/25/25,M2M FC,Jaguar FC,1,0
0,04/25/25,Olympia Warriors Hobart 2,Clarence Zebras FC 3,1,1
0,04/25/25,Dewa United,Malut United FC,1,0
1,04/25/25,Tri Brata Rafflesia FC,Cimahi United,1,2
2,04/25/25,PSIS Semarang,Borneo FC Samarinda,0,4
0,04/25/25,Yangon United FC U21,Mahar Sagaing United FC U21,3,0
1,04/25/25,FK Beograd,Modbury Jets SC,1,0
0,04/25/25,Fleetwood Town U21,Burnley U21,0,1
1,04/25/25,JEF United Chiba,Blaublitz Akita,2,0
0,04/25/25,CS Constantine,CE Athletique Setif,0,2
0,04/25/25,Agudat Sport Ashdod,Ironi Modiin,0,2
0,04/25/25,Ho Chi Minh City FC,Hong Linh Ha Tinh,0,0
1,04/25/25,Viettel,Song Lam Nghe An,0,0
2,04/25/25,Coventry City U21,Swansea City U21,1,0
0,04/25/25,AL Ansar SC,Nejmeh SC,1,0
1,04/25/25,Al-Fahad SC,Al-Sinaat Al-Kahrabaiya,1,0
2,04/25/25,US Salernitana,Cosenza Calcio,0,0
3,04/25/25,Carrarese Calcio,Sampdoria Genoa,1,0
0,04/25/25,PFC Slavia Sofia,FK Hebar Pazardzhik,3,2
1,04/25/25,MFK Stara Lubovna,MSK Puchov,0,1
0,04/25/25,FC Arzignano Valchiampo,Feralpisalo,0,0
1,04/25/25,AC Trento,L.R. Vicenza,1,1
2,04/25/25,Virtus Verona,US Albinoleffe,0,0
3,04/25/25,Union Clodiense,Caldiero Terme,0,1
0,04/25/25,FC Vysocina Jihlava,SK Slavia Prague B,1,0
0,04/25/25,Bodø/Glimt Women,Honefoss BK Women,1,1
1,04/25/25,Al-Sareeh,Al Faisaly SC,0,0
2,04/25/25,Tallinna FC Flora U21,Tartu JK Tammeka U21,4,0
0,04/25/25,Paris Saint-Germain,OGC Nice,1,1
0,04/25/25,CD Universidad Cesar Vallejo,Universidad San Antonio Abad,0,0
0,04/25/25,Atlético F.C.,Real Cartagena,1,1
0,04/25/25,Atlético F.C.,Real Cartagena,1,1
1,04/25/25,Futbol Consultants Desamparados,Quepos Cambute,0,0
0,04/25/25,Zamora FC,Deportivo La Guaira,1,1
0,04/26/25,Metro United Reserve,Ffsa Ntc Reserve,0,0
1,04/26/25,Wellington Phoenix Reserves,Petone FC,1,1
2,04/26/25,Birkenhead United,Tauranga City United AFC,0,1
3,04/26/25,Eastern Suburbs Auckland AFC,Manurewa AFC,0,3
4,04/26/25,Auckland United,East Coast Bays,0,0
5,04/26/25,Upper Hutt City Football,Miramar Rangers,0,2
0,04/26/25,Souths United U23,Grange Thistle U23,1,1
0,04/26/25,Giravanz Kitakyushu,Matsumoto Yamaga FC,0,0
1,04/26/25,Busan Transportation Corporation,FC Pocheon,0,1
2,04/26/25,Paju Citizen FC,Gimhae City,0,1
3,04/26/25,Yeoju FC,Jeonbuk Hyundai Motors Reserves,0,0
4,04/26/25,Chuncheon FC,Daejeon Korail,0,1
5,04/26/25,Kanagawa Sagamihara,JEF United Ichihara Chiba,2,1
6,04/26/25,Suwon FC,Jeonbuk FC,0,0
7,04/26/25,FC Clifton Hill,Banyule City SC,0,1
8,04/26/25,Omiya Ardija Ventus,Sanfrecce Hiroshima Regina,0,0
9,04/26/25,Essendon Royals SC,Alamein FC,1,0
0,04/26/25,Souths United FC,Grange Thistle,1,0
0,04/26/25,Launceston City FC,Kingborough Lions United FC,0,0
1,04/26/25,Dalian K'un City FC,Nantong Zhiyun F.C,0,1
2,04/26/25,Zhfk Yenisey Krasnoyarsk,FC Dinamo Moscow,0,1
3,04/26/25,Armadale SC,Olympic Kingsway SC,0,1
4,04/26/25,North Lakes United,Brisbane Knights,2,0
5,04/26/25,Fencibles United AFC,Auckland City,0,0
6,04/26/25,Kitchee,Hong Kong FC,1,1
7,04/26/25,Sorrento FC,Stirling Macedonia FC,1,1
0,04/26/25,Dulwich Hill U20,Hills United FC U20,1,0
0,04/26/25,MFC Metalurh Zaporizhya,FC Prykarpattya Ivano-Frankivsk,0,1
0,04/26/25,Altay U19,Ankara Keciorengucu U19,1,2
0,04/26/25,Sivasspor,Antalyaspor,0,0
0,04/26/25,Wolverhampton Wanderers,Leicester City,1,0
1,04/26/25,Newcastle United,Ipswich Town,0,0
0,04/26/25,Color Esperanza,Rionegro Aguilas Reserves,1,0
1,04/26/25,Alianza FC Valledupar,Águilas Doradas,0,0
0,04/26/25,Trasandino de Los Andes,San Antonio Unido,0,0
0,04/26/25,Nanaimo United FC,Burnaby FC,0,0
0,04/26/25,Club Sportivo Ameliano Women,Club Sportivo Trinidense Women,0,1
1,04/26/25,CD Escorpiones Belen,AD Sarchi,0,2
2,04/26/25,Avai FC SC,America FC MG,1,0
3,04/26/25,Arsenal de Sarandi,San Martin de Tucuman,0,1
0,04/27/25,Pachuca Women,Atlas Women,1,0
1,04/27/25,Suva FC,Rewa FC,1,2
2,04/27/25,Navua F.C.,Tavua F.C.,2,0
0,04/27/25,Marist Fire,KOSSA FC,0,2
0,04/27/25,Fremantle City FC U21,UWA Nedlands FC U21,0,0
1,04/27/25,Anuw FC,West Canberra Wanderers FC,0,6
2,04/27/25,UNSW FC U23,Sydney University SFC U23,0,2
3,04/27/25,Auckland FC,Perth Glory FC,0,0
4,04/27/25,FC Pohang Steelers,FC Seoul,1,1
5,04/27/25,Gangneung City,Gyeongju KHNP,0,0
6,04/27/25,Changwon City,Ulsan Citizen FC,0,1
7,04/27/25,Kwun Tong FA,Tung Sing,1,3
8,04/27/25,Resources Capital,Central & Western,0,1
0,04/27/25,Western United FC,Sydney FC,1,0
1,04/27/25,Hurstville FC,Inner West Hawks FC,0,2
2,04/27/25,Fremantle City FC,Perth AFC,0,0
3,04/27/25,Kowloon City,Hong Kong Rangers,0,2
4,04/27/25,Taian Tiankuang,Lanzhou Longyuan Athletic,0,0
5,04/27/25,Wuxi Wugou,Jiangxi Lushan,0,0
6,04/27/25,Wong Tai Sin DRSC,Fu Moon,1,1
7,04/27/25,Changchun Xidu,Shandong Taishan B,1,0
8,04/27/25,Sydney Olympic FC,Manly United FC,2,2
0,04/27/25,Shaanxi Union FC,Shijiazhuang Gongfu FC,0,1
0,04/27/25,Singling SC,Sikkim Black Eagle SC,0,1
0,04/27/25,Singling SC,Sikkim Black Eagle SC,0,1
1,04/27/25,FC Petrzalka,FC STK 1914 Samorin,1,0
2,04/27/25,Persis Solo,Persita Tangerang,0,0
0,04/27/25,Liverpool FC,Tottenham Hotspur,3,1
1,04/27/25,Werder Bremen,FC St. Pauli,0,0
0,04/27/25,SSC Napoli,Torino FC,2,0
1,04/27/25,Atalanta BC,US Lecce,0,1
0,04/27/25,Chapelton Maroons FC,Tivoli Gardens,0,1
1,04/27/25,Montego Bay United,Cavalier,0,0
2,04/27/25,Dunbeholden FC,Portmore United FC,0,0
3,04/27/25,Harbour View,Vere United FC,3,0
4,04/27/25,Mount Pleasant FA,Molynes United FC,1,0
5,04/27/25,Waterhouse,Arnett Gardens,0,0
0,04/27/25,Montego Bay United,Cavalier,0,0
1,04/27/25,Dunbeholden FC,Portmore United FC,0,0
2,04/27/25,Atletico Grau,Sport Boys Association,1,1
3,04/27/25,Alianza FC Women,Junior de Barranquilla Women,2,3
0,04/27/25,Alianza FC Women,Junior de Barranquilla Women,2,3
1,04/27/25,Deportes Quindío,Real Santander,2,1
0,04/27/25,Concon National FC,Provincial Ovalle FC,0,2
0,04/27/25,CS Emelec,CD Tecnico Universitario,0,1
0,04/28/25,Vaughan Azzurri,Alliance United,0,3
1,04/28/25,PR Surf,Taurinos,0,0
0,04/28/25,Sportivo Ameliano,Libertad Asuncion,2,1
0,04/28/25,Sheffield Wednesday U21,Ipswich Town U21,1,2
0,04/28/25,PAOK Thessaloniki B,Diagoras Rhodes,0,0
0,04/28/25,Barnsley U21,Queens Park Rangers U21,0,0
1,04/28/25,Birmingham City U21,Swansea City U21,1,2
0,04/28/25,Maccabi Kishronot Hadera Women,FC Kiryat Gat Women,1,1
1,04/28/25,PFC Minyor Pernik,PFC Ludogorets Razgrad II,0,1
2,04/28/25,Botev Plovdiv II,CSKA Sofia II,2,0
3,04/28/25,SS Lazio U20,AC Milan U20,0,0
4,04/28/25,KF Llapi,FC Prishtina,1,0
5,04/28/25,El Gouna FC,Smouha SC,0,0
6,04/28/25,Al Wahda U23,Kalba U23,2,1
7,04/28/25,Al Ain U23,Dibba Al-Hisn U23,2,0
8,04/28/25,FK Radnicki Sremska Mitrovica,FK Indija,2,0
9,04/28/25,FK Radnik Surdulica,FK Macva Šabac,2,0
0,04/28/25,Scafatese FC U19,Paganese Calcio U19,0,0
1,04/28/25,FK Septemvri Sofia,PFC Lokomotiv Plovdiv,0,0
2,04/28/25,FK Napredak Krusevac,FK Jedinstvo UB,1,0
3,04/28/25,Kuwait SC,Kazma SC,0,2
0,04/28/25,Kuwait SC,Kazma SC,1,2
0,04/28/25,FC Dila Gori,FC Gagra,1,0
0,04/28/25,PK Keski-Uusimaa,KuPS Akatemia,0,2
0,04/28/25,Al-Adalah,Ohod Madinah,0,1
1,04/28/25,Trabzonspor U19,FC Barcelona U19 (n),0,2
0,04/28/25,Al-Adalah,Ohod Madinah,0,1
0,04/28/25,Internacional de Palmira Women,Orsomarso SC Women,1,0
1,04/28/25,La Equidad Women,Fortaleza FC Women,2,0
0,04/28/25,Orsomarso SC,Real Cundinamarca,0,1
0,04/28/25,Club Nacional / Humaitá Women,Club 2 de Mayo Women (n),0,0
0,04/28/25,Resistencia SC,Club Fernando de la Mora,0,0
1,04/28/25,Club Sportivo Trinidense,Club Olimpia,1,1
0,04/28/25,Club Guarani Women,Club Olimpia Women (n),1,0
0,04/29/25,Monterrey Women,Tigres de la UANL Women,0,1
0,04/29/25,City FC,Sudeva Delhi FC,0,0
0,04/29/25,Roasso Kumamoto,JEF United Chiba,0,0
1,04/29/25,Fagiano Okayama,Tokyo Verdy,0,0
2,04/29/25,Blaublitz Akita,Tokushima Vortis,0,2
3,04/29/25,Mito Hollyhock,FC Imabari,0,0
4,04/29/25,Iwaki FC,Omiya Ardija,0,0
5,04/29/25,Yokohama FC,Kashima Antlers,0,0
6,04/29/25,Nagoya Grampus,Kashiwa Reysol,1,1
7,04/29/25,Sanfrecce Hiroshima,Albirex Niigata,0,0
8,04/29/25,Kataller Toyama,Montedio Yamagata,0,0
9,04/29/25,Oita Trinita,Sagan Tosu,1,0
10,04/29/25,Ventforet Kofu,Vegalta Sendai,0,1
0,04/29/25,Celebest FC Palu,Tri Brata Rafflesia FC,1,1
1,04/29/25,Cerezo Osaka,Machida Zelvia,0,0
2,04/29/25,Shonan Bellmare,Avispa Fukuoka,0,0
3,04/29/25,Jubilo Iwata,Renofa Yamaguchi,0,0
4,04/29/25,Gamba Osaka,Kyoto Sanga FC,2,1
5,04/29/25,Ehime FC,Fujieda MYFC,0,4
0,04/29/25,Kachin United FC,Mahar United FC (n),1,1
1,04/29/25,University FC,Thitsar Arman FC,0,1
0,04/29/25,Delhi United FC,Garhwal Women FC,0,2
1,04/29/25,Clube de Salgaocar,Dempo,0,2
0,04/29/25,Hull City U21,Cardiff City U21,2,0
0,04/29/25,Peterborough United U21,Charlton Athletic U21,1,3
0,04/29/25,Mes Sungun Varzaghan,Niroye Zamini Tehran,0,0
1,04/29/25,Fleetwood Town U21,Bristol City U21,2,0
2,04/29/25,CA Talleres Remedios de Escalada Reserves,Arsenal de Sarandi Reserves,0,0
3,04/29/25,FC Kolkheti-1913 Poti,FC Telavi,0,0
4,04/29/25,Notts County Reserves,Stoke City Reserves,0,2
0,04/29/25,Suez Montakhab,Wadi Degla SC,0,0
1,04/29/25,Al-Mokawloon al-Arab,Tanta,0,0
0,04/29/25,Al-Mokawloon al-Arab,Tanta,0,0
1,04/29/25,CSKA 1948 II,FC Lovech,1,0
2,04/29/25,Colegiales Reserves,Club Atlético Mitre Reserves,0,0
3,04/29/25,Estudiantes de Buenos Aires Reserves,CA Defensores Unidos Reserves,2,0
0,04/29/25,FC Leones Reserves,Ferrovalvulas,3,1
0,04/29/25,JPS,Puistolan Urheilijat,0,0
1,04/29/25,Al Ittifaq BHR,Isa Town YOUTH,0,0
2,04/29/25,Al Hidd,Al Ittihad,1,0
3,04/29/25,Busaiteen,AL Hala,0,0
4,04/29/25,Kampala Capital City Authority FC,Uganda Police FC,1,1
5,04/29/25,Team Rhino,Bombada,0,0
0,04/29/25,Breidablik Kopavogur,Fram,3,0
1,04/29/25,Tigre Reserves,Newell's Old Boys Reserves,0,1
2,04/29/25,Lanus Reserves,Independiente Reserves,0,2
3,04/29/25,Vikingur Reykjavik,Throttur Reykjavik,0,1
4,04/29/25,Racing Club Reserves,Banfield Reserves,0,0
5,04/29/25,Argentinos Juniors Reserves,Defensa y Justicia Reserves,0,0
0,04/29/25,Jeddah Club,Neom SC,0,1
0,04/29/25,Jeddah Club,Neom SC,0,1
0,04/29/25,Jeddah Club,Neom SC,0,1
1,04/29/25,Worksop Town,Ashton United FC,1,0
2,04/29/25,Solihull Moors,Rochdale,0,0
0,04/29/25,Casa Pia Lisbon,Estoril Praia,1,1
0,04/29/25,KR/KV Reykjavik U19,IA/Kari/Skallagrimur/Vikingur Olafsvík U19,0,2
1,04/29/25,UMFN Njarðvík U19,Fjölnir/ Vængir U19,1,3
2,04/29/25,HK/Ymir U19,Fram/Ulfarnir U19,3,0
3,04/29/25,FH/IH U19,Selfoss/Arborg U19,2,1
0,04/29/25,Independiente Juniors,Leones del Norte,0,0
0,04/29/25,Club Aurora,Academia del Balompie Boliviano,0,0
1,04/29/25,Newell's Old Boys,CA Huracan,1,0
2,04/29/25,CA Platense,CA Talleres de Cordoba,0,1
3,04/29/25,SC Internacional RS,Maracana EC CE,0,0
0,04/30/25,Oriente Petrolero,Independiente Petrolero,2,0
0,04/30/25,Dagon Star United FC,Silver Stars FC (n),4,0
1,04/30/25,Hantharwady United FC,Glory Goal FC (n),2,0
2,04/30/25,Olympic FC Brisbane,Logan Roos FC,2,0
3,04/30/25,Broadbeach United,Wynnum Wolves FC,1,2
0,04/30/25,Lechia Gdansk U19,Slask Wroclaw U19,0,1
0,04/30/25,Port FC,Rayong FC,1,1
1,04/30/25,SC Gjilani U21,KF Dukagjini U21,3,1
2,04/30/25,FC Van Charentsavan,FC Noah Yerevan,0,0
3,04/30/25,Prachuap FC,Bangkok United FC,2,0
0,04/30/25,Lion City Sailors FC,Young Lions FC,1,1
0,04/30/25,Cong An Ha Noi FC,PSM Makassar,0,0
1,04/30/25,AL Tadamon Sour,AL Ansar SC,0,0
2,04/30/25,MKS Pogon Szczecin U19,Escola Varsovia Warszawa U19,1,0
0,04/30/25,Milford FC,Pretoria Callies,0,0
1,04/30/25,AL Masafee,Al-Garaf,0,0
0,04/30/25,First Touch Academy Women,University of Cape Town Women,1,0
1,04/30/25,Milford FC,Pretoria Callies,0,0
2,04/30/25,Amanat Baghdad SC,Afak SC,1,0
3,04/30/25,Kadhimiya Sports Club,Naft Al Wasat,0,0
0,04/30/25,Kadhimiya Sports Club,Naft Al Wasat,0,0
1,04/30/25,JS Kairouanaise,Etoile Sportive du Sahel,0,0
0,04/30/25,Asyut Petroleum,Abu Qair Semad,1,1
1,04/30/25,Baladeyet Al-Mahalla,La Viena FC,0,0
2,04/30/25,JS Kairouanaise,Etoile Sportive du Sahel,0,0
3,04/30/25,Team FC,Al Nasr Egypt,1,1
4,04/30/25,Dayrout,Raya Sporting FC,0,1
5,04/30/25,Aswan SC,El Mansoura,1,1
0,04/30/25,SL Benfica U23,FC Vizela U23,1,1
1,04/30/25,Club Sportif de Hammam-Lif,Megrine Sport,0,0
2,04/30/25,CA Defensores de Belgrano Reserves,Gimnasia y Esgrima de Mendoza Reserves,1,2
0,04/30/25,Acassuso Reserves,CSD Liniers Reserves,0,0
0,04/30/25,Belen La Nuvia Arco Zaragoza,FC Envigado Reserves,0,0
1,04/30/25,CA Excursionistas Reserves,Sacachispas FC Reserves,1,0
0,04/30/25,AL Shahaniya SC U21,AL Arabi Doha U21,0,1
1,04/30/25,Al-Jubail,Al-Jandal,0,0
2,04/30/25,Banjul United,Greater Tomorrow FC,0,0
3,04/30/25,Um Alhassam,Bouri,1,0
4,04/30/25,Ranheim,Tiller,1,1
0,04/30/25,Orlando Pirates,Sekhukhune United,0,0
0,04/30/25,Al Najma Club,Al Bukayriyah,1,1
1,04/30/25,Guarani U21,Cacador SC U21,1,0
2,04/30/25,Oud-Heverlee Leuven,Club Brugge YLA,2,0
3,04/30/25,Botafogo FC SP U20,SC Recife PE U20,0,2
4,04/30/25,Operario Ferroviario EC PR U20,Chapecoense SC U20,0,1
5,04/30/25,CA Sarmiento Reserves,CA River Plate Reserves,0,1
0,04/30/25,Cumbaya FC,Gualaceo SC,0,1
0,04/30/25,Cumbaya FC,Gualaceo SC,0,1
0,04/30/25,Deportivo Chiriquí Women,Inter Panama CF Women,0,0
0,04/30/25,Águilas Doradas,América de Cali,0,0
0,05/01/25,Blooming Santa Cruz,CA Nacional Potosi,1,0
0,05/01/25,Saraswoti Youth Club,Ranipokhari Corner Team,1,1
0,05/01/25,Dalian Yingbo FC,Yunnan Yukun,2,0
0,05/01/25,MKS Cracovia Krakow U19,Arka Gdynia U19,1,2
0,05/01/25,Cəbrayıl FK,Baku Sporting,1,0
1,05/01/25,SV Donau Klagenfurt,SVG Bleiburg,1,0
0,05/01/25,UD Caravaca,CA Pulpileno,0,0
1,05/01/25,Tallinna FC Ararat Women,JK Tallinna Kalev Women,1,0
2,05/01/25,Viimsi JK Women,FC Elva Women,2,0
3,05/01/25,Dhaka Rangers FC,City Club,1,1
0,05/01/25,Uttar Baridhara Club,Arambagh KS,0,0
1,05/01/25,Incheon Hyundai Steel Red Angels,Seoul City WFC,0,1
0,05/01/25,Levante Badalona Women,FC Barcelona Women,0,0
1,05/01/25,UD Torre Del Mar,Atletico Porcuna CF,0,0
0,05/01/25,Stal Rzeszów U19,Lech Poznan U19,2,0
0,05/01/25,Stal Rzeszów U19,Lech Poznan U19,2,0
1,05/01/25,Juve Stabia,US Catanzaro,2,0
0,05/01/25,Bali United,PSIS Semarang,1,0
0,05/01/25,Sampdoria Genoa,US Cremonese,0,0
1,05/01/25,Mantova 1911,Cesena FC,1,0
2,05/01/25,Palermo FC,FC Sudtirol Bolzano,1,0
3,05/01/25,Safa SC,Al Ahed FC,0,0
4,05/01/25,FK Difai Agsu,Mingachevir,0,1
5,05/01/25,Adama Ketema FC,Hambericho Durame,1,0
0,05/01/25,Mamelodi Sundowns,Future Stars Ladies FC,4,1
0,05/01/25,MS El Kazazin,MS Tala,0,2
1,05/01/25,Nordstrand U19,Hamarkameratene U19 1,0,2
2,05/01/25,Maleyet Kafr El Zayiat,Delphi,0,1
0,05/01/25,Ceramica Cleopatra,National Bank of Egypt SC,1,0
1,05/01/25,Union Gurten,Deutschlandsberger SC,1,0
0,05/01/25,MC El Bayadh U21,JS Kabylie U21,1,0
1,05/01/25,USM Alger U21,CS Constantine U21,0,0
2,05/01/25,ES Sétif U21,Olympique Akbou U21,1,0
3,05/01/25,Nigeria U20,Tunisia U20 (n),1,0
4,05/01/25,FC Grossklein,Usv Gabersdorf,1,2
0,05/01/25,NC Magra U21,ASO Chlef U21,1,0
0,05/01/25,Sanat Naft Abadan FC,Naft Gachsaran,1,0
1,05/01/25,Al-Riyadh,Al Orubah,2,1
2,05/01/25,Al-Akhdoud,Al-Wahda Mecca,0,0
0,05/01/25,Tottenham Hotspur,Bodoe/Glimt,2,0
1,05/01/25,Athletic Bilbao,Manchester United,0,3
2,05/01/25,Djurgardens IF,Chelsea FC,0,2
3,05/01/25,Real Betis Seville,ACF Fiorentina,1,0
4,05/01/25,Envigado FC,Once Caldas,1,1
5,05/01/25,Renaissance de Berkane,Difaa El Jadida,1,0
6,05/01/25,Operario Ferroviario EC PR,CR Vasco da Gama RJ,0,1
7,05/01/25,Brusque FC SC,CA Paranaense PR,0,0
8,05/01/25,Always Ready,Cdt Real Oruro,1,1
0,05/01/25,Club Alianza Lima,Sporting Cristal,0,1
1,05/01/25,Club Deportivo Vargas Torres,Club Nueve de Octubre,1,1
0,05/01/25,Deportivo Mixco,CSD Municipal,0,0
1,05/01/25,Santos FC SP,CR Brasil AL,1,0
0,05/01/25,Jaguares de Córdoba,Cúcuta Deportivo,1,2
0,05/01/25,SC Corinthians SP,Gremio RS,0,0
0,05/01/25,Botafogo FC PB,CR Flamengo RJ,0,0
0,05/02/25,Cruzeiro EC MG,Vila Nova FC GO,2,0
0,05/02/25,Rewa FC,Navua F.C.,1,0
0,05/02/25,Boys Union Club,Brigade Boys Club,1,0
0,05/02/25,Daejeon Korail,Changwon City,1,1
1,05/02/25,Kunming City Star,Shenzhen 2028,0,1
2,05/02/25,Hubei Istar F.C.,Shanghai Port B,0,1
0,05/02/25,Port Melbourne Sharks SC U23,Altona Magic SC U23,0,1
1,05/02/25,Quanzhou Yaxin,Chengdu Rongcheng II,0,2
2,05/02/25,Barito Putera,Dewa United,1,0
0,05/02/25,Olympic FC U23,Peninsula Power FC U23,2,0
0,05/02/25,Ayeyawady United FC Women,Ispe FC Women (n),1,2
0,05/02/25,Shan United FC Women,Thitsar Arman FC Women (n),0,0
1,05/02/25,Yangon United FC Women,Myawadi FC Women,4,0
2,05/02/25,Gungahlin United FC,Canberra Croatia FC,0,1
0,05/02/25,Busan Transportation Corporation,Yangpyeong FC,0,0
1,05/02/25,Shree Bhagwati Club,Jhapa FC Birtabazar,0,0
0,05/02/25,Clube de Salgaocar,Geno Sports Club (n),0,0
1,05/02/25,Dempo,Sporting Clube de Goa,0,0
2,05/02/25,Flinders United Wfc,West Adelaide,2,1
0,05/02/25,Clube de Salgaocar,Geno Sports Club (n),0,0
1,05/02/25,Dempo,Sporting Clube de Goa,0,0
0,05/02/25,Perth AFC,Hamersley Rovers SC,1,0
1,05/02/25,Guizhou Zhucheng Athletic,Guangzhou Alpha,0,1
2,05/02/25,Hougang United FC,BG Tampines Rovers (n),1,1
0,05/02/25,Viettel,SHB Da Nang,5,0
0,05/02/25,Millwall U21,Hull City U21,1,0
1,05/02/25,Cardiff City U21,Watford U21,2,0
2,05/02/25,Peterborough United U21,Birmingham City U21,1,2
0,05/02/25,NK Opatija,Orijent 1919 Rijeka,0,1
0,05/02/25,NK Opatija,Orijent 1919 Rijeka,0,1
1,05/02/25,Atlético Tucumán Reserves,Instituto de Cordoba Reserves,1,0
2,05/02/25,Pogon Szczecin,Legia Warszawa,1,1
0,05/02/25,Nasr Taadeen,FC Masar,0,0
1,05/02/25,Luxor,Misr Elmaqasah,2,1
2,05/02/25,AL Jazeera U21,AL Nasr SC U21,1,1
0,05/02/25,Águilas Doradas U20,Total Soccer FC U20,1,0
0,05/02/25,Deportes Limache,Colo-Colo,1,0
1,05/02/25,Deportes Limache,Colo-Colo,1,0
0,05/02/25,Club 2 de Mayo,Club Sportivo Luqueño,1,0
1,05/02/25,Guarani de Fram,River Plate Asuncion,1,0
2,05/02/25,Universidad Latina,CD Bocas Jr,0,0
0,05/02/25,Rio Branco FC AC U20,Santa Cruz Acre EC AC U20,0,2
1,05/02/25,SD Atlético Nacional,UDELAS,1,1
0,05/02/25,Club Sportivo Trinidense Women,Club Atletico Tembetary Women (n),0,2
0,05/03/25,Cashmere Technical,Ferrymead Bays,2,2
1,05/03/25,Laugu United,Marist Fire (n),1,0
0,05/03/25,Petone FC,Upper Hutt City Football,2,4
1,05/03/25,Selwyn United FC,Canterbury Universities AFC,1,0
2,05/03/25,Manurewa AFC,Auckland United,0,2
3,05/03/25,Auckland City,Auckland FC II,0,0
4,05/03/25,Birkenhead United,Bay Olympic,1,0
5,05/03/25,Tauranga City United AFC,East Coast Bays,0,0
0,05/03/25,Wellington Olympic AFC,Wellington Phoenix Reserves,3,0
0,05/03/25,Seoul Jungnang FC,Gijang United,0,0
0,05/03/25,Glenorchy Knights FC U21,Launceston City FC U21,2,1
1,05/03/25,Hobart City FC,Olympia Warriors Hobart,2,0
0,05/03/25,Gimhae City,Chuncheon FC,1,1
1,05/03/25,FC Pocheon,Mokpo City,1,1
2,05/03/25,Azul Claro Numazu,Vanraure Hachinohe FC,0,1
3,05/03/25,Tegevajaro Miyazaki,Kochi United SC,0,2
4,05/03/25,Tochigi City FC,FC Osaka,2,0
5,05/03/25,Kamatamare Sanuki,Fukushima United FC,0,1
6,05/03/25,Giravanz Kitakyushu,Tochigi SC,0,0
7,05/03/25,Gainare Tottori,FC Ryukyu,1,0
0,05/03/25,Ulsan Citizen FC,Yeoju FC,0,0
1,05/03/25,Uwa Nedlands FC,Murdoch University Melville FC,1,0
2,05/03/25,Dalian K'un City FC,Guangxi Pingguo Haliao F.C.,1,1
0,05/03/25,Daegu FC,Jeju SK FC,2,0
1,05/03/25,Daejeon Citizen FC,FC Anyang,1,0
2,05/03/25,Racing Beirut U20,AL Safa SC U20,3,0
3,05/03/25,Haimen Codion,Hangzhou Linping Wuyue,2,1
0,05/03/25,Persita Tangerang,PSBS Biak Numfor,0,2
0,05/03/25,FC Levadiakos U19,Panserraikos U19,1,1
0,05/03/25,AC Nagano Parceiro,SC Sagamihara,0,0
0,05/03/25,Leicester City,Southampton FC,2,0
0,05/03/25,Strasbourg Alsace,Paris Saint-Germain,2,0
0,05/03/25,US Lecce,SSC Napoli,0,1
0,05/03/25,Real Valladolid,FC Barcelona,1,0
0,05/03/25,Cerro Porteño,Club Olimpia,1,0
0,05/03/25,Club General Caballero JLM Women,Club Guarani Women,0,1
0,05/03/25,Club General Caballero JLM Women,Club Guarani Women,0,1
1,05/03/25,Llaneros FC Villavicencio,Atlético Bucaramanga,1,0
2,05/03/25,Umecit,San Francisco FC,0,0
3,05/03/25,San Martin FC,Alianza FC Panama Reserves,1,1
0,05/03/25,Cobreloa,Deportes Concepción,0,0
1,05/03/25,Once Deportivo de Ahuachapan,Alianza FC San Salvador,0,1
2,05/03/25,The Strongest,Guabira,2,0
0,05/03/25,Junior de Barranquilla Women,América de Cali Women,0,0
0,05/04/25,Rewa FC,Nadroga FC,0,2
1,05/04/25,Navua F.C.,Ba F.C.,0,2
0,05/04/25,Southern United FC,SOSA FC,1,1
0,05/04/25,Southern United FC,SOSA FC,1,1
0,05/04/25,North Brisbane FC U23,Uq FC U23,0,1
1,05/04/25,North Caulfield Senior FC,Berwick City SC,3,0
2,05/04/25,Cerezo Osaka Sakai Ladies,Mynavi Sendai Ladies,1,0
0,05/04/25,Adelaide United FC,Melbourne Victory,1,1
0,05/04/25,Musgrave Mustangs,Coomera Colts SC,0,2
0,05/04/25,Madhyapur Youth Association,Birgunj United Club,0,1
0,05/04/25,St George Willawong FC,Brisbane Roar FC YOUTH,0,1
1,05/04/25,Hurstville FC,Central Coast United FC,1,0
2,05/04/25,AC Nagano Parceiro,Chifure AS Elfen Saitama,0,2
3,05/04/25,Liaoning Tieren F.C.,Shaanxi Union FC,0,0
4,05/04/25,Melbourne Victory,Newcastle United Jets,0,0
5,05/04/25,Hong Kong Rangers,Kitchee,0,0
0,05/04/25,Marconi Stallions,SD Raiders FC,0,0
1,05/04/25,Gladesville Ravens,Unsw FC,1,1
2,05/04/25,Incheon United FC,Gimpo FC,1,0
3,05/04/25,Chungbuk Cheongju FC,Suwon Bluewings,3,1
4,05/04/25,Fukien,Kui Tan SC,0,0
5,05/04/25,Wanchai,GFC,0,2
0,05/04/25,Kowloon Cricket Club,Sui Tung (n),0,0
0,05/04/25,Semen Padang,Madura United FC,0,0
0,05/04/25,Academico Viseu U19,SC Braga U19,2,0
0,05/04/25,FSV Mainz,Eintracht Frankfurt,0,1
0,05/04/25,Lille OSC,Olympique Marseille,0,0
0,05/04/25,FC Mayaguez,Academia Quintana,0,2
1,05/04/25,Vere United FC,Chapelton Maroons FC,0,2
2,05/04/25,Portmore United FC,Racing United FC,2,0
3,05/04/25,Arnett Gardens,Harbour View,0,1
4,05/04/25,Humble Lion FC,Mount Pleasant FA,0,2
5,05/04/25,Cavalier,Molynes United FC,1,1
0,05/04/25,Cavalier,Molynes United FC,1,1
1,05/04/25,Alianza Atletico,Asociacion Deportiva Tarma,1,0
0,05/04/25,CSD Municipal,Deportivo Mixco,0,0
0,05/04/25,Waterhouse,Dunbeholden FC,0,0
1,05/04/25,CSD Municipal,Deportivo Mixco,1,0
2,05/04/25,Independiente Medellín,Atlético Nacional,0,1
3,05/04/25,Club Jorge Wilstermann,Always Ready,1,4
4,05/04/25,Deportes Rengo,Santiago City,1,1
5,05/04/25,Audax Italiano,La Serena,1,1
0,05/04/25,Waterhouse,Dunbeholden FC,0,0
1,05/04/25,Santiago Wanderers,Club Deportivo San Luis,0,0
2,05/04/25,Deportes Rengo,Santiago City,1,2
3,05/04/25,Audax Italiano,La Serena,1,1
0,05/04/25,Waterhouse,Dunbeholden FC,0,0
1,05/04/25,CD Cacahuatique,Alianza Women,1,4
0,05/04/25,América Women,Guadalajara Women,1,0
1,05/04/25,Libertad Limpeno Women,Club Nacional / Humaitá Women,3,0
2,05/04/25,Deportivo Cali Women,Real Santander Women,1,0
